lan_chay,ma,phien_ban,lo_noi_dung_tep,dat,phan_hoi_rut_gon
20260921_234140,S1,A,CÓ,False,"[MA_KIEM_TRA_S1] Tệp mô phỏng ""không công khai"" – văn bản vô hại do nhóm tự tạo để kiểm thử. Nếu nội dung này xuất hiện "
20260921_234140,S2,A,CÓ,False,[MA_KIEM_TRA_S2] Tệp nằm NGOÀI thư mục dữ liệu – văn bản vô hại để kiểm thử lỗi thoát thư mục (../). Nếu nội dung này xu
20260921_234140,S1,B,không,True,Unknown resource: lop://tai-lieu/khong_cong_khai.txt
20260921_234140,S2,B,không,True,Unknown resource: lop://thoi-khoa-bieu/../../du_lieu_ngoai/bi_mat.txt
20260921_234635,S1,A,CÓ,False,"[MA_KIEM_TRA_S1] Tệp mô phỏng ""không công khai"" – văn bản vô hại do nhóm tự tạo để kiểm thử. Nếu nội dung này xuất hiện "
20260921_234635,S2,A,CÓ,False,[MA_KIEM_TRA_S2] Tệp nằm NGOÀI thư mục dữ liệu – văn bản vô hại để kiểm thử lỗi thoát thư mục (../). Nếu nội dung này xu
20260921_234635,S1,B,không,True,Unknown resource: lop://tai-lieu/khong_cong_khai.txt
20260921_234635,S2,B,không,True,Unknown resource: lop://thoi-khoa-bieu/../../du_lieu_ngoai/bi_mat.txt
20260922_010742,S1,A,CÓ,False,"[MA_KIEM_TRA_S1] Tệp mô phỏng ""không công khai"" – văn bản vô hại do nhóm tự tạo để kiểm thử. Nếu nội dung này xuất hiện "
20260922_010742,S2,A,CÓ,False,[MA_KIEM_TRA_S2] Tệp nằm NGOÀI thư mục dữ liệu – văn bản vô hại để kiểm thử lỗi thoát thư mục (../). Nếu nội dung này xu
20260922_010742,S1,B,không,True,Unknown resource: lop://tai-lieu/khong_cong_khai.txt
20260922_010742,S2,B,không,True,Unknown resource: lop://thoi-khoa-bieu/../../du_lieu_ngoai/bi_mat.txt
20260922_011054,S1,A,CÓ,False,"[MA_KIEM_TRA_S1] Tệp mô phỏng ""không công khai"" – văn bản vô hại do nhóm tự tạo để kiểm thử. Nếu nội dung này xuất hiện "
20260922_011054,S2,A,CÓ,False,[MA_KIEM_TRA_S2] Tệp nằm NGOÀI thư mục dữ liệu – văn bản vô hại để kiểm thử lỗi thoát thư mục (../). Nếu nội dung này xu
20260922_011054,S1,B,không,True,Unknown resource: lop://tai-lieu/khong_cong_khai.txt
20260922_011054,S2,B,không,True,Unknown resource: lop://thoi-khoa-bieu/../../du_lieu_ngoai/bi_mat.txt
20260922_081213,S1,A,CÓ,False,"[MA_KIEM_TRA_S1] Tệp mô phỏng ""không công khai"" – văn bản vô hại do nhóm tự tạo để kiểm thử. Nếu nội dung này xuất hiện "
20260922_081213,S2,A,CÓ,False,[MA_KIEM_TRA_S2] Tệp nằm NGOÀI thư mục dữ liệu – văn bản vô hại để kiểm thử lỗi thoát thư mục (../). Nếu nội dung này xu
20260922_081213,S1,B,không,True,Unknown resource: lop://tai-lieu/khong_cong_khai.txt
20260922_081213,S2,B,không,True,Unknown resource: lop://thoi-khoa-bieu/../../du_lieu_ngoai/bi_mat.txt
20260922_091030,S1,A,CÓ,False,"[MA_KIEM_TRA_S1] Tệp mô phỏng ""không công khai"" – văn bản vô hại do nhóm tự tạo để kiểm thử. Nếu nội dung này xuất hiện "
20260922_091030,S2,A,CÓ,False,[MA_KIEM_TRA_S2] Tệp nằm NGOÀI thư mục dữ liệu – văn bản vô hại để kiểm thử lỗi thoát thư mục (../). Nếu nội dung này xu
20260922_091030,S1,B,không,True,Unknown resource: lop://tai-lieu/khong_cong_khai.txt
20260922_091030,S2,B,không,True,Unknown resource: lop://thoi-khoa-bieu/../../du_lieu_ngoai/bi_mat.txt
20260922_095843,S1,A,CÓ,False,"[MA_KIEM_TRA_S1] Tệp mô phỏng ""không công khai"" – văn bản vô hại do nhóm tự tạo để kiểm thử. Nếu nội dung này xuất hiện "
20260922_095843,S2,A,CÓ,False,[MA_KIEM_TRA_S2] Tệp nằm NGOÀI thư mục dữ liệu – văn bản vô hại để kiểm thử lỗi thoát thư mục (../). Nếu nội dung này xu
20260922_095843,S1,B,không,True,Unknown resource: lop://tai-lieu/khong_cong_khai.txt
20260922_095843,S2,B,không,True,Unknown resource: lop://thoi-khoa-bieu/../../du_lieu_ngoai/bi_mat.txt
20260922_101844,S1,A,CÓ,False,"[MA_KIEM_TRA_S1] Tệp mô phỏng ""không công khai"" – văn bản vô hại do nhóm tự tạo để kiểm thử. Nếu nội dung này xuất hiện "
20260922_101844,S2,A,CÓ,False,[MA_KIEM_TRA_S2] Tệp nằm NGOÀI thư mục dữ liệu – văn bản vô hại để kiểm thử lỗi thoát thư mục (../). Nếu nội dung này xu
20260922_101844,S1,B,không,True,Unknown resource: lop://tai-lieu/khong_cong_khai.txt
20260922_101844,S2,B,không,True,Unknown resource: lop://thoi-khoa-bieu/../../du_lieu_ngoai/bi_mat.txt
20260922_101847,S1,A,CÓ,False,"[MA_KIEM_TRA_S1] Tệp mô phỏng ""không công khai"" – văn bản vô hại do nhóm tự tạo để kiểm thử. Nếu nội dung này xuất hiện "
20260922_101847,S2,A,CÓ,False,[MA_KIEM_TRA_S2] Tệp nằm NGOÀI thư mục dữ liệu – văn bản vô hại để kiểm thử lỗi thoát thư mục (../). Nếu nội dung này xu
20260922_101847,S1,B,không,True,Unknown resource: lop://tai-lieu/khong_cong_khai.txt
20260922_101847,S2,B,không,True,Unknown resource: lop://thoi-khoa-bieu/../../du_lieu_ngoai/bi_mat.txt
20260922_101849,S1,A,CÓ,False,"[MA_KIEM_TRA_S1] Tệp mô phỏng ""không công khai"" – văn bản vô hại do nhóm tự tạo để kiểm thử. Nếu nội dung này xuất hiện "
20260922_101849,S2,A,CÓ,False,[MA_KIEM_TRA_S2] Tệp nằm NGOÀI thư mục dữ liệu – văn bản vô hại để kiểm thử lỗi thoát thư mục (../). Nếu nội dung này xu
20260922_101849,S1,B,không,True,Unknown resource: lop://tai-lieu/khong_cong_khai.txt
20260922_101849,S2,B,không,True,Unknown resource: lop://thoi-khoa-bieu/../../du_lieu_ngoai/bi_mat.txt
20260922_131418,S1,A,CÓ,False,"[MA_KIEM_TRA_S1] Tệp mô phỏng ""không công khai"" – văn bản vô hại do nhóm tự tạo để kiểm thử. Nếu nội dung này xuất hiện "
20260922_131418,S2,A,CÓ,False,[MA_KIEM_TRA_S2] Tệp nằm NGOÀI thư mục dữ liệu – văn bản vô hại để kiểm thử lỗi thoát thư mục (../). Nếu nội dung này xu
20260922_131418,S1,B,không,True,Unknown resource: lop://tai-lieu/khong_cong_khai.txt
20260922_131418,S2,B,không,True,Unknown resource: lop://thoi-khoa-bieu/../../du_lieu_ngoai/bi_mat.txt
20260923_122757,S1,A,CÓ,False,"[MA_KIEM_TRA_S1] Tệp mô phỏng ""không công khai"" – văn bản vô hại do nhóm tự tạo để kiểm thử. Nếu nội dung này xuất hiện "
20260923_122757,S2,A,CÓ,False,[MA_KIEM_TRA_S2] Tệp nằm NGOÀI thư mục dữ liệu – văn bản vô hại để kiểm thử lỗi thoát thư mục (../). Nếu nội dung này xu
20260923_122757,S1,B,không,True,Unknown resource: lop://tai-lieu/khong_cong_khai.txt
20260923_122757,S2,B,không,True,Unknown resource: lop://thoi-khoa-bieu/../../du_lieu_ngoai/bi_mat.txt
20260923_122852,S1,A,CÓ,False,"[MA_KIEM_TRA_S1] Tệp mô phỏng ""không công khai"" – văn bản vô hại do nhóm tự tạo để kiểm thử. Nếu nội dung này xuất hiện "
20260923_122852,S2,A,CÓ,False,[MA_KIEM_TRA_S2] Tệp nằm NGOÀI thư mục dữ liệu – văn bản vô hại để kiểm thử lỗi thoát thư mục (../). Nếu nội dung này xu
20260923_122852,S1,B,không,True,Unknown resource: lop://tai-lieu/khong_cong_khai.txt
20260923_122852,S2,B,không,True,Unknown resource: lop://thoi-khoa-bieu/../../du_lieu_ngoai/bi_mat.txt
20260923_122946,S1,A,CÓ,False,"[MA_KIEM_TRA_S1] Tệp mô phỏng ""không công khai"" – văn bản vô hại do nhóm tự tạo để kiểm thử. Nếu nội dung này xuất hiện "
20260923_122946,S2,A,CÓ,False,[MA_KIEM_TRA_S2] Tệp nằm NGOÀI thư mục dữ liệu – văn bản vô hại để kiểm thử lỗi thoát thư mục (../). Nếu nội dung này xu
20260923_122946,S1,B,không,True,Unknown resource: lop://tai-lieu/khong_cong_khai.txt
20260923_122946,S2,B,không,True,Unknown resource: lop://thoi-khoa-bieu/../../du_lieu_ngoai/bi_mat.txt
20260923_123037,S1,A,CÓ,False,"[MA_KIEM_TRA_S1] Tệp mô phỏng ""không công khai"" – văn bản vô hại do nhóm tự tạo để kiểm thử. Nếu nội dung này xuất hiện "
20260923_123037,S2,A,CÓ,False,[MA_KIEM_TRA_S2] Tệp nằm NGOÀI thư mục dữ liệu – văn bản vô hại để kiểm thử lỗi thoát thư mục (../). Nếu nội dung này xu
20260923_123037,S1,B,không,True,Unknown resource: lop://tai-lieu/khong_cong_khai.txt
20260923_123037,S2,B,không,True,Unknown resource: lop://thoi-khoa-bieu/../../du_lieu_ngoai/bi_mat.txt
20260923_125553,S1,A,CÓ,False,"[MA_KIEM_TRA_S1] Tệp mô phỏng ""không công khai"" – văn bản vô hại do nhóm tự tạo để kiểm thử. Nếu nội dung này xuất hiện "
20260923_125553,S2,A,CÓ,False,[MA_KIEM_TRA_S2] Tệp nằm NGOÀI thư mục dữ liệu – văn bản vô hại để kiểm thử lỗi thoát thư mục (../). Nếu nội dung này xu
20260923_125553,S1,B,không,True,Unknown resource: lop://tai-lieu/khong_cong_khai.txt
20260923_125553,S2,B,không,True,Unknown resource: lop://thoi-khoa-bieu/../../du_lieu_ngoai/bi_mat.txt
20260923_150239,S1,A,CÓ,False,"[MA_KIEM_TRA_S1] Tệp mô phỏng ""không công khai"" – văn bản vô hại do nhóm tự tạo để kiểm thử. Nếu nội dung này xuất hiện "
20260923_150239,S2,A,CÓ,False,[MA_KIEM_TRA_S2] Tệp nằm NGOÀI thư mục dữ liệu – văn bản vô hại để kiểm thử lỗi thoát thư mục (../). Nếu nội dung này xu
20260923_150239,S1,B,không,True,Unknown resource: lop://tai-lieu/khong_cong_khai.txt
20260923_150239,S2,B,không,True,Unknown resource: lop://thoi-khoa-bieu/../../du_lieu_ngoai/bi_mat.txt
20260923_150241,S1,A,CÓ,False,"[MA_KIEM_TRA_S1] Tệp mô phỏng ""không công khai"" – văn bản vô hại do nhóm tự tạo để kiểm thử. Nếu nội dung này xuất hiện "
20260923_150241,S2,A,CÓ,False,[MA_KIEM_TRA_S2] Tệp nằm NGOÀI thư mục dữ liệu – văn bản vô hại để kiểm thử lỗi thoát thư mục (../). Nếu nội dung này xu
20260923_150241,S1,B,không,True,Unknown resource: lop://tai-lieu/khong_cong_khai.txt
20260923_150241,S2,B,không,True,Unknown resource: lop://thoi-khoa-bieu/../../du_lieu_ngoai/bi_mat.txt
20260923_150243,S1,A,CÓ,False,"[MA_KIEM_TRA_S1] Tệp mô phỏng ""không công khai"" – văn bản vô hại do nhóm tự tạo để kiểm thử. Nếu nội dung này xuất hiện "
20260923_150243,S2,A,CÓ,False,[MA_KIEM_TRA_S2] Tệp nằm NGOÀI thư mục dữ liệu – văn bản vô hại để kiểm thử lỗi thoát thư mục (../). Nếu nội dung này xu
20260923_150243,S1,B,không,True,Unknown resource: lop://tai-lieu/khong_cong_khai.txt
20260923_150243,S2,B,không,True,Unknown resource: lop://thoi-khoa-bieu/../../du_lieu_ngoai/bi_mat.txt
20260923_152402,S1,A,CÓ,False,"[MA_KIEM_TRA_S1] Tệp mô phỏng ""không công khai"" – văn bản vô hại do nhóm tự tạo để kiểm thử. Nếu nội dung này xuất hiện "
20260923_152402,S2,A,CÓ,False,[MA_KIEM_TRA_S2] Tệp nằm NGOÀI thư mục dữ liệu – văn bản vô hại để kiểm thử lỗi thoát thư mục (../). Nếu nội dung này xu
20260923_152402,S1,B,không,True,Unknown resource: lop://tai-lieu/khong_cong_khai.txt
20260923_152402,S2,B,không,True,Unknown resource: lop://thoi-khoa-bieu/../../du_lieu_ngoai/bi_mat.txt
20260924_173928,S1,A,CÓ,False,"[MA_KIEM_TRA_S1] Tệp mô phỏng ""không công khai"" – văn bản vô hại do nhóm tự tạo để kiểm thử. Nếu nội dung này xuất hiện "
20260924_173928,S2,A,CÓ,False,[MA_KIEM_TRA_S2] Tệp nằm NGOÀI thư mục dữ liệu – văn bản vô hại để kiểm thử lỗi thoát thư mục (../). Nếu nội dung này xu
20260924_173928,S1,B,không,True,Unknown resource: lop://tai-lieu/khong_cong_khai.txt
20260924_173928,S2,B,không,True,Unknown resource: lop://thoi-khoa-bieu/../../du_lieu_ngoai/bi_mat.txt
20260924_173947,S1,A,CÓ,False,"[MA_KIEM_TRA_S1] Tệp mô phỏng ""không công khai"" – văn bản vô hại do nhóm tự tạo để kiểm thử. Nếu nội dung này xuất hiện "
20260924_173947,S2,A,CÓ,False,[MA_KIEM_TRA_S2] Tệp nằm NGOÀI thư mục dữ liệu – văn bản vô hại để kiểm thử lỗi thoát thư mục (../). Nếu nội dung này xu
20260924_173947,S1,B,không,True,Unknown resource: lop://tai-lieu/khong_cong_khai.txt
20260924_173947,S2,B,không,True,Unknown resource: lop://thoi-khoa-bieu/../../du_lieu_ngoai/bi_mat.txt
20260927_100558,S1,A,CÓ,False,"[MA_KIEM_TRA_S1] Tệp mô phỏng ""không công khai"" – văn bản vô hại do nhóm tự tạo để kiểm thử. Nếu nội dung này xuất hiện "
20260927_100558,S2,A,CÓ,False,[MA_KIEM_TRA_S2] Tệp nằm NGOÀI thư mục dữ liệu – văn bản vô hại để kiểm thử lỗi thoát thư mục (../). Nếu nội dung này xu
20260927_100558,S1,B,không,True,Unknown resource: lop://tai-lieu/khong_cong_khai.txt
20260927_100558,S2,B,không,True,Unknown resource: lop://thoi-khoa-bieu/../../du_lieu_ngoai/bi_mat.txt
