ma_hs,ho_ten_ao,gioi_tinh,lop,hoc_luc_nam_truoc,muc_quen_dung_AI,thiet_bi,kenh_chinh,xu_huong_to_mo,nhom_phien_ban
HS01,Đặng Tấn Phúc,Nam,11A,Đạt,4,Điện thoại Android,Web,0.015,B
HS02,Võ Yến Hương,Nữ,11A,Tốt,3,iPhone,Zalo Mini App,0.015,B
HS03,Dương Anh Duy,Nam,11A,Tốt,3,Máy tính,Ứng dụng trường,0.015,A
HS04,Trần Mỹ Linh,Nữ,11A,Khá,5,Điện thoại Android,Zalo Mini App,0.015,A
HS05,Bùi Khánh Anh,Nữ,11A,Đạt,2,Điện thoại Android,Ứng dụng trường,0.015,B
HS06,Phan Hoài Loan,Nữ,11A,Đạt,4,Điện thoại Android,Web,0.015,A
HS07,Võ Hoài Trâm,Nữ,11A,Đạt,2,iPhone,Ứng dụng trường,0.015,B
HS08,Hồ Yến Châu,Nữ,11A,Khá,2,Điện thoại Android,Zalo Mini App,0.015,B
HS09,Võ Thanh Nhung,Nữ,11A,Tốt,1,iPhone,Web,0.015,B
HS10,Phan Phương Nhi,Nữ,11A,Khá,5,Điện thoại Android,Zalo Mini App,0.015,A
HS11,Võ Hoài Uyên,Nữ,11A,Khá,4,Điện thoại Android,Web,0.015,A
HS12,Đỗ Văn Đạt,Nam,11A,Khá,5,Máy tính,Zalo Mini App,0.015,B
HS13,Đặng Khánh Hương,Nữ,11A,Đạt,4,iPhone,Ứng dụng trường,0.015,B
HS14,Huỳnh Ngọc Nhi,Nữ,11A,Đạt,4,Điện thoại Android,Zalo Mini App,0.18,A
HS15,Bùi Tấn Khang,Nam,11A,Khá,3,Điện thoại Android,Web,0.015,B
HS16,Huỳnh Thu Anh,Nữ,11A,Khá,4,iPhone,Web,0.015,B
HS17,Hồ Thu Nhung,Nữ,11A,Tốt,1,Máy tính,Web,0.18,B
HS18,Lý Thu Diễm,Nữ,11A,Khá,2,Điện thoại Android,Ứng dụng trường,0.015,B
HS19,Nguyễn Minh Hiếu,Nam,11A,Đạt,4,Điện thoại Android,Web,0.18,B
HS20,Huỳnh Khánh Hương,Nữ,11A,Khá,3,Điện thoại Android,Ứng dụng trường,0.015,A
HS21,Lê Yến Trâm,Nữ,11A,Tốt,3,Điện thoại Android,Web,0.015,A
HS22,Đỗ Hoàng Bình,Nam,11A,Khá,2,Máy tính,Zalo Mini App,0.015,A
HS23,Võ Thị Vy,Nữ,11A,Khá,4,Máy tính,Zalo Mini App,0.015,A
HS24,Hoàng Thành Vinh,Nam,11A,Khá,5,Điện thoại Android,Zalo Mini App,0.015,B
HS25,Võ Thành Đạt,Nam,11A,Khá,3,Điện thoại Android,Web,0.015,A
HS26,Dương Bảo Thảo,Nữ,11A,Tốt,4,Điện thoại Android,Zalo Mini App,0.015,B
HS27,Dương Thu Anh,Nữ,11A,Khá,4,iPhone,Web,0.18,A
HS28,Đặng Yến Nhi,Nữ,11A,Khá,4,iPhone,Web,0.015,B
HS29,Trần Phương Ngân,Nữ,11A,Tốt,4,iPhone,Web,0.18,B
HS30,Bùi Minh Đạt,Nam,11A,Đạt,3,Điện thoại Android,Zalo Mini App,0.18,A
HS31,Lý Khánh Châu,Nữ,11A,Chưa đạt,4,Điện thoại Android,Zalo Mini App,0.015,A
HS32,Dương Mỹ Quỳnh,Nữ,11A,Đạt,3,iPhone,Web,0.015,A
HS33,Huỳnh Yến Nhi,Nữ,11A,Khá,2,Điện thoại Android,Zalo Mini App,0.015,A
HS34,Hoàng Phương My,Nữ,11A,Đạt,4,Điện thoại Android,Web,0.015,B
HS35,Hồ Đức Đạt,Nam,11A,Khá,3,Điện thoại Android,Zalo Mini App,0.015,A
HS36,Huỳnh Quốc Vinh,Nam,11A,Tốt,1,Máy tính,Zalo Mini App,0.015,A
HS37,Đặng Đức Tài,Nam,11A,Khá,3,iPhone,Zalo Mini App,0.015,B
HS38,Phan Quốc Huy,Nam,11A,Tốt,3,Điện thoại Android,Web,0.015,B
HS39,Lý Khánh Vy,Nữ,11A,Tốt,5,Điện thoại Android,Ứng dụng trường,0.015,A
HS40,Trần Thu Nhung,Nữ,11A,Tốt,4,Máy tính,Ứng dụng trường,0.015,A
