ma_hs,TX1 (hs1),TX2 (hs1),TX3 (hs1),TX4 (hs1),GK (hs2),CK (hs3),dtb_ky_vong
HS001,4.25,8.25,3.75,3.25,7.5,3.75,5.08
HS002,8.75,7.0,8.25,6.5,8.5,7.0,7.61
HS003,7.5,7.0,6.75,7.5,9.5,7.25,7.72
HS004,8.75,8.25,9.0,10.0,10.0,8.0,8.89
HS005,5.5,5.0,4.5,5.25,6.5,6.75,5.94
HS006,9.25,7.75,6.75,8.5,6.25,8.5,7.81
HS007,9.75,8.0,9.75,6.75,9.75,8.25,8.72
HS008,8.25,6.25,9.0,7.25,8.0,6.0,7.19
HS009,7.75,3.75,4.75,6.25,6.25,5.25,5.64
HS010,5.75,6.5,7.75,5.5,5.25,6.75,6.25
HS011,5.75,6.75,6.75,9.5,6.25,7.5,7.08
HS012,7.5,9.0,8.5,8.75,7.5,7.25,7.83
HS013,10.0,6.5,8.5,9.5,8.5,7.75,8.31
HS014,9.5,7.5,10.0,7.75,8.0,10.0,8.97
HS015,3.75,6.25,6.5,5.25,6.25,5.25,5.56
HS016,9.25,7.25,9.25,8.75,8.0,8.5,8.44
HS017,10.0,10.0,9.5,9.25,6.25,7.75,8.28
HS018,7.0,8.75,7.0,4.0,6.25,5.5,6.19
HS019,8.25,6.5,4.0,5.25,7.75,5.0,6.06
HS020,5.25,6.0,7.5,7.75,6.25,5.5,6.17
HS021,7.25,6.0,9.0,6.0,8.0,9.75,8.17
HS022,5.75,6.5,7.0,6.5,6.75,6.25,6.44
HS023,6.25,5.75,8.25,8.0,6.25,8.25,7.28
HS024,8.75,9.5,10.0,8.5,9.25,8.25,8.89
HS025,6.0,7.5,5.5,6.0,8.0,7.5,7.06
HS026,6.5,6.5,5.25,4.75,9.25,7.75,7.19
HS027,5.25,7.25,8.75,7.25,7.5,9.5,8.0
HS028,7.75,8.5,5.5,7.25,6.0,6.75,6.81
HS029,7.75,8.25,3.0,8.5,8.0,6.5,7.0
HS030,5.75,7.75,8.0,8.0,7.25,4.5,6.39
HS031,7.25,10.0,8.25,5.75,5.25,8.25,7.39
HS032,7.5,6.25,7.25,7.75,5.25,5.75,6.28
HS033,4.75,4.75,5.5,3.5,4.0,4.75,4.53
HS034,7.25,7.0,7.25,6.25,5.75,4.75,5.94
HS035,6.25,6.0,6.0,8.0,9.0,7.5,7.42
HS036,6.5,7.0,4.25,7.75,6.75,5.25,6.08
HS037,5.25,4.75,4.25,5.0,1.25,3.25,3.5
HS038,7.5,9.25,6.75,6.75,9.25,8.25,8.17
HS039,6.0,6.25,6.75,6.5,6.0,8.0,6.83
HS040,5.25,9.25,6.25,9.0,7.25,7.5,7.42
